Country,2015,2016,2017,2018,2019
Afghanistan,20,19,20,20,19
Albania,11,12,13,15,15
Algeria,166,160,167,174,173
Angola,116,101,122,106,92
Antigua and Barbuda,1,1,1,2,2
Argentina,642,557,643,519,445
Armenia,11,11,12,12,13
Australia,1235,1268,1387,1420,1376
Austria,382,394,418,456,448
Azerbaijan,51,38,41,47,47
Bahrain,31,32,35,38,38
Bangladesh,208,236,262,288,317
Barbados,5,5,5,5,5
Belarus,56,48,55,60,63
Belgium,456,470,496,532,518
Belize,2,2,2,2,2
Benin,11,12,13,14,14
Bhutan,2,2,2,3,3
Bolivia,33,34,38,41,42
Bosnia and Herzegovina,16,17,18,20,20
Botswana,14,16,17,19,19
Brazil,1800,1795,2053,1868,1847
Brunei Darussalam,13,11,12,14,12
Bulgaria,50,53,58,65,66
Burkina Faso,10,11,12,14,15
Burundi,3,3,3,3,4
Cambodia,18,20,22,24,27
Cameroon,31,33,35,39,39
Canada,1557,1530,1650,1712,1731
Central African Republic,2,2,2,2,2
Chad,11,10,10,11,11
Chile,244,250,278,298,294
China,11226,11222,12062,13368,14140
Colombia,293,283,312,331,328
Comoros,1,1,1,1,1
Costa Rica,55,58,59,60,61
Croatia,50,52,55,61,61
Cyprus,20,20,22,24,24
Czech Republic,187,195,216,245,247
Democratic Republic of the Congo,38,37,38,47,49
Denmark,303,312,330,352,347
Djibouti,2,3,3,3,3
Dominica,1,1,1,1,1
Dominican Republic,71,76,80,86,89
Ecuador,99,100,104,108,108
Egypt,332,332,237,250,302
El Salvador,23,24,25,26,27
Equatorial Guinea,13,11,12,14,12
Eritrea,2,2,2,2,2
Estonia,23,24,27,31,31
Ethiopia,63,71,76,80,91
Fiji,5,5,5,6,6
Finland,233,239,253,274,270
France,2439,2472,2592,2780,2707
Gabon,14,14,15,17,17
Georgia,14,14,15,16,16
Germany,3362,3468,3665,3951,3863
Ghana,49,55,59,66,67
Greece,197,195,203,218,214
Grenada,1,1,1,1,1
Guatemala,64,69,76,78,81
Guinea,9,9,10,12,13
Guinea-Bissau,1,1,1,1,1
Guyana,3,4,4,4,4
Haiti,9,8,8,10,9
Honduras,21,22,23,24,24
Hong Kong SAR,309,321,342,363,373
Hungary,123,126,140,161,170
Iceland,17,21,24,26,24
India,2104,2290,2652,2719,2936
Indonesia,861,932,1015,1022,1112
Iraq,178,175,195,224,224
Ireland,291,300,335,383,385
Islamic Republic of Iran,375,404,431,446,459
Israel,300,319,353,371,388
Italy,1833,1870,1951,2076,1989
Jamaica,14,14,15,15,16
Japan,4389,4927,4860,4972,5154
Jordan,38,39,41,42,44
Kazakhstan,184,137,163,173,170
Kenya,64,69,79,88,99
Kiribati,,,,,
Korea,1466,1500,1624,1720,1630
Kosovo,6,7,7,8,8
Kuwait,115,109,120,142,138
Kyrgyz Republic,7,7,8,8,8
Lao P.D.R.,14,16,17,18,19
Latvia,27,28,31,35,35
Lebanon,50,51,53,56,59
Lesotho,2,2,3,3,3
Liberia,3,3,3,3,3
Libya,17,19,31,41,33
Lithuania,42,43,48,53,54
Luxembourg,57,59,62,70,69
Madagascar,10,10,11,12,13
Malawi,6,5,6,7,8
Malaysia,301,301,319,359,365
Maldives,4,4,5,5,6
Mali,13,14,15,17,18
Malta,11,11,13,15,15
Mauritania,5,5,5,5,6
Mauritius,12,12,13,14,14
Mexico,1171,1078,1157,1222,1274
Mongolia,12,11,11,13,14
Montenegro,4,4,5,5,5
Morocco,101,103,110,119,119
Mozambique,15,11,13,14,15
Myanmar,63,60,61,69,66
Namibia,12,11,14,15,14
Nepal,21,21,25,29,30
Netherlands,766,784,834,915,902
New Zealand,175,185,200,203,205
Nicaragua,13,13,14,13,13
Niger,7,8,8,9,9
Nigeria,494,405,376,398,447
Norway,386,369,398,434,418
Oman,69,65,71,79,77
Pakistan,271,279,305,315,284
Panama,54,58,62,65,69
Papua New Guinea,22,21,22,23,24
Paraguay,36,36,39,42,41
Peru,191,194,214,225,229
Philippines,293,305,314,331,357
Poland,478,472,527,586,566
Portugal,199,206,221,241,236
Qatar,162,152,167,191,192
Republic of Congo,9,8,9,12,12
Romania,178,188,211,240,244
Russia,1357,1281,1579,1657,1638
Rwanda,8,8,9,10,10
Samoa,1,1,1,1,1
San Marino,1,1,2,2,2
Saudi Arabia,654,645,689,787,779
Senegal,18,19,21,23,24
Serbia,40,41,44,51,52
Seychelles,1,1,2,2,2
Sierra Leone,4,4,4,4,4
Singapore,308,318,338,364,363
Slovak Republic,88,90,96,107,107
Slovenia,43,45,49,54,54
Solomon Islands,1,1,1,1,1
South Africa,318,296,349,368,359
South Sudan,15,3,3,5,4
Spain,1200,1238,1317,1428,1398
Sri Lanka,81,82,88,89,87
St. Kitts and Nevis,1,1,1,1,1
St. Lucia,2,2,2,2,2
St. Vincent and the Grenadines,1,1,1,1,1
Sudan,65,56,46,34,31
Suriname,5,3,3,3,4
Sweden,504,516,541,556,529
Switzerland,680,671,680,706,715
Taiwan Province of China,526,531,575,590,586
Tajikistan,8,7,7,8,8
Tanzania,47,50,53,57,62
Thailand,401,412,455,505,529
The Bahamas,12,12,12,12,13
The Gambia,1,1,1,2,2
Togo,4,4,5,5,6
Tonga,,,,,
Trinidad and Tobago,25,22,22,23,23
Tunisia,43,42,40,40,39
Turkey,859,863,853,771,744
Turkmenistan,36,36,38,41,47
Tuvalu,,,,,
Uganda,23,25,26,28,31
Ukraine,90,93,112,131,150
United Arab Emirates,358,357,378,414,406
United Kingdom,2897,2669,2640,2829,2744
United States,18225,18715,19519,20580,21439
Uruguay,53,53,60,60,60
Uzbekistan,81,81,58,50,60
Vanuatu,1,1,1,1,1
Venezuela,324,279,144,98,70
Vietnam,191,201,220,241,262
Yemen,37,28,25,28,30
Zambia,21,21,26,27,24
Zimbabwe,20,20,22,21,13
Marshall Islands,,,,,
Micronesia,,,,,
Moldova,8,8,10,11,12
Timor-Leste,3,3,2,3,3
C_te d'Ivoire,33,35,38,43,44
Macao SAR,45,45,51,55,55
Nauru,,,,,
Palau,,,,,
Puerto Rico,103,104,104,101,100
S_o Tom_ and Pr_ncipe,,,,,
Somalia,4,4,5,5,5
Syria,,,,,
Aruba,3,3,3,3,3
Cabo Verde,2,2,2,2,2
Eswatini,4,4,4,5,5
North Macedonia,10,11,11,13,13