Location Name,Indicator Name,2015,2016,2017,2018,2019
Australia,CAF World Giving Index,5,3,6,2,4
Australia,Helping a stranger,21,14,19,24,11
Australia,Donating money,7,3,9,3,8
Australia,Volunteering time,12,11,10,6,12
New Zealand,CAF World Giving Index,3,4,4,3,3
New Zealand,Helping a stranger,22,31,21,21,10
New Zealand,Donating money,6,5,6,5,9
New Zealand,Volunteering time,4,6,6,5,6
Kazakhstan,CAF World Giving Index,56,96,87,96,78
Kazakhstan,Helping a stranger,68,115,104,130,98
Kazakhstan,Donating money,51,54,52,52,76
Kazakhstan,Volunteering time,51,105,71,89,58
Kyrgyzstan,CAF World Giving Index,18,34,85,55,55
Kyrgyzstan,Helping a stranger,60,54,79,68,62
Kyrgyzstan,Donating money,19,36,59,38,53
Kyrgyzstan,Volunteering time,19,33,95,81,42
Tajikistan,CAF World Giving Index,73,87,50,36,44
Tajikistan,Helping a stranger,97,82,84,37,54
Tajikistan,Donating money,99,87,89,51,89
Tajikistan,Volunteering time,16,73,5,15,8
Turkmenistan,CAF World Giving Index,71,15,69,43,19
Turkmenistan,Helping a stranger,85,81,98,88,35
Turkmenistan,Donating money,57,41,51,40,43
Turkmenistan,Volunteering time,66,1,42,18,2
Uzbekistan,CAF World Giving Index,27,11,38,53,25
Uzbekistan,Helping a stranger,38,16,46,73,31
Uzbekistan,Donating money,62,16,27,39,36
Uzbekistan,Volunteering time,7,40,75,68,18
China,CAF World Giving Index,144,140,138,142,126
China,Helping a stranger,144,140,129,135,119
China,Donating money,136,138,134,113,116
China,Volunteering time,144,138,134,133,125
Hong Kong,CAF World Giving Index,26,,25,30,
Hong Kong,Helping a stranger,43,,31,35,
Hong Kong,Donating money,11,,21,18,
Hong Kong,Volunteering time,90,,79,76,
Japan,CAF World Giving Index,102,114,111,128,107
Japan,Helping a stranger,137,138,135,142,125
Japan,Donating money,83,83,46,99,64
Japan,Volunteering time,44,55,73,56,46
Mongolia,CAF World Giving Index,52,27,29,45,37
Mongolia,Helping a stranger,103,92,71,111,90
Mongolia,Donating money,37,32,34,31,29
Mongolia,Volunteering time,23,12,12,16,16
Republic of Korea,CAF World Giving Index,64,75,62,60,57
Republic of Korea,Helping a stranger,74,93,94,92,78
Republic of Korea,Donating money,55,46,31,33,38
Republic of Korea,Volunteering time,63,80,78,96,53
Taiwan Province of China,CAF World Giving Index,35,50,52,64,48
Taiwan Province of China,Helping a stranger,40,45,53,84,59
Taiwan Province of China,Donating money,29,38,39,47,32
Taiwan Province of China,Volunteering time,69,82,69,75,66
Armenia,CAF World Giving Index,138,130,122,123,114
Armenia,Helping a stranger,98,89,90,100,64
Armenia,Donating money,138,129,117,107,119
Armenia,Volunteering time,136,136,139,130,114
Azerbaijan,CAF World Giving Index,122,131,126,139,99
Azerbaijan,Helping a stranger,117,130,128,129,99
Azerbaijan,Donating money,127,121,125,133,102
Azerbaijan,Volunteering time,70,87,87,114,57
Bahrain,CAF World Giving Index,13,,,10,
Bahrain,Helping a stranger,11,,,6,
Bahrain,Donating money,27,,,25,
Bahrain,Volunteering time,35,,,24,
Cyprus,CAF World Giving Index,42,35,45,35,24
Cyprus,Helping a stranger,42,67,48,34,33
Cyprus,Donating money,39,28,41,30,25
Cyprus,Volunteering time,52,46,45,45,41
Georgia,CAF World Giving Index,112,120,135,118,112
Georgia,Helping a stranger,96,111,113,90,88
Georgia,Donating money,140,128,137,140,124
Georgia,Volunteering time,65,76,124,83,68
Iraq,CAF World Giving Index,38,31,39,34,52
Iraq,Helping a stranger,1,1,2,2,8
Iraq,Donating money,69,57,75,59,66
Iraq,Volunteering time,79,89,86,73,94
Israel,CAF World Giving Index,75,43,35,38,34
Israel,Helping a stranger,139,80,93,78,76
Israel,Donating money,34,27,19,23,18
Israel,Volunteering time,68,49,43,54,48
Jordan,CAF World Giving Index,118,71,74,75,90
Jordan,Helping a stranger,83,21,44,15,53
Jordan,Donating money,106,79,74,116,93
Jordan,Volunteering time,142,119,92,125,116
Kuwait,CAF World Giving Index,24,19,31,33,
Kuwait,Helping a stranger,7,3,6,3,
Kuwait,Donating money,31,30,44,37,
Kuwait,Volunteering time,92,83,82,120,
Lebanon,CAF World Giving Index,96,80,76,85,67
Lebanon,Helping a stranger,91,108,80,85,61
Lebanon,Donating money,60,42,40,75,40
Lebanon,Volunteering time,129,123,103,117,105
Northern Cyprus,CAF World Giving Index,30,42,46,,
Northern Cyprus,Helping a stranger,32,42,55,,
Northern Cyprus,Donating money,38,40,38,,
Northern Cyprus,Volunteering time,45,51,50,,
Saudi Arabia,CAF World Giving Index,47,41,48,51,50
Saudi Arabia,Helping a stranger,9,10,10,8,15
Saudi Arabia,Donating money,59,46,72,68,50
Saudi Arabia,Volunteering time,89,96,100,116,92
State of Palestine,CAF World Giving Index,141,139,123,141,122
State of Palestine,Helping a stranger,118,129,102,124,101
State of Palestine,Donating money,134,133,126,138,120
State of Palestine,Volunteering time,133,126,127,129,111
Syria,CAF World Giving Index,,66,,,
Syria,Helping a stranger,,30,,,
Syria,Donating money,,69,,,
Syria,Volunteering time,,69,,,
United Arab Emirates,CAF World Giving Index,14,10,9,12,14
United Arab Emirates,Helping a stranger,15,5,11,16,13
United Arab Emirates,Donating money,15,14,17,11,16
United Arab Emirates,Volunteering time,60,61,35,57,61
Yemen,CAF World Giving Index,143,138,139,144,124
Yemen,Helping a stranger,115,110,126,126,92
Yemen,Donating money,144,139,138,144,123
Yemen,Volunteering time,145,135,135,138,123
Bhutan,CAF World Giving Index,17,18,,,
Bhutan,Helping a stranger,58,74,,,
Bhutan,Donating money,22,22,,,
Bhutan,Volunteering time,13,13,,,
Afghanistan,CAF World Giving Index,84,78,89,136,63
Afghanistan,Helping a stranger,63,51,78,110,44
Afghanistan,Donating money,72,71,83,141,59
Afghanistan,Volunteering time,120,100,61,119,71
Bangladesh,CAF World Giving Index,95,94,129,74,81
Bangladesh,Helping a stranger,29,47,123,44,47
Bangladesh,Donating money,125,116,116,79,100
Bangladesh,Volunteering time,118,102,128,110,100
India,CAF World Giving Index,106,91,81,124,82
India,Helping a stranger,116,103,118,136,113
India,Donating money,96,86,64,89,62
India,Volunteering time,82,60,34,101,63
Iran,CAF World Giving Index,32,45,17,29,23
Iran,Helping a stranger,69,66,27,32,25
Iran,Donating money,23,29,23,24,22
Iran,Volunteering time,55,65,40,70,55
Nepal,CAF World Giving Index,76,39,51,52,53
Nepal,Helping a stranger,112,94,92,79,80
Nepal,Donating money,63,37,37,48,47
Nepal,Volunteering time,41,17,27,42,34
Pakistan,CAF World Giving Index,94,92,78,91,69
Pakistan,Helping a stranger,121,99,73,104,81
Pakistan,Donating money,49,53,47,65,41
Pakistan,Volunteering time,107,120,109,112,93
Sri Lanka,CAF World Giving Index,8,5,,27,9
Sri Lanka,Helping a stranger,33,36,,64,29
Sri Lanka,Donating money,16,17,,36,19
Sri Lanka,Volunteering time,2,4,,4,1
Cambodia,CAF World Giving Index,100,98,134,140,102
Cambodia,Helping a stranger,141,139,139,144,124
Cambodia,Donating money,35,39,60,55,28
Cambodia,Volunteering time,126,99,133,142,113
Indonesia,CAF World Giving Index,22,7,2,1,10
Indonesia,Helping a stranger,123,104,76,97,86
Indonesia,Donating money,9,2,2,2,6
Indonesia,Volunteering time,15,3,1,1,7
Lao People's Democratic Republic,CAF World Giving Index,,,,134,
Lao People's Democratic Republic,Helping a stranger,,,,143,
Lao People's Democratic Republic,Donating money,,,,49,
Lao People's Democratic Republic,Volunteering time,,,,145,
Malaysia,CAF World Giving Index,10,22,,,30
Malaysia,Helping a stranger,27,84,,,73
Malaysia,Donating money,17,21,,,24
Malaysia,Volunteering time,17,20,,,29
Myanmar,CAF World Giving Index,1,1,1,9,2
Myanmar,Helping a stranger,47,27,57,112,49
Myanmar,Donating money,1,1,1,1,1
Myanmar,Volunteering time,1,2,3,22,3
Philippines,CAF World Giving Index,46,47,54,89,33
Philippines,Helping a stranger,49,52,66,102,32
Philippines,Donating money,82,88,95,117,63
Philippines,Volunteering time,9,7,14,39,9
Singapore,CAF World Giving Index,34,28,30,7,46
Singapore,Helping a stranger,89,79,103,18,96
Singapore,Donating money,18,19,12,14,21
Singapore,Volunteering time,42,54,41,9,59
Thailand,CAF World Giving Index,19,37,16,61,21
Thailand,Helping a stranger,90,98,64,127,89
Thailand,Donating money,2,12,5,22,4
Thailand,Volunteering time,98,84,70,113,79
Vietnam,CAF World Giving Index,79,64,116,,84
Vietnam,Helping a stranger,57,55,117,,83
Vietnam,Donating money,81,48,106,,65
Vietnam,Volunteering time,95,75,97,,98
Belarus,CAF World Giving Index,103,100,117,121,92
Belarus,Helping a stranger,126,127,134,137,118
Belarus,Donating money,73,80,91,88,96
Belarus,Volunteering time,86,59,65,74,40
Bulgaria,CAF World Giving Index,115,129,127,126,120
Bulgaria,Helping a stranger,111,106,124,109,107
Bulgaria,Donating money,75,119,107,96,98
Bulgaria,Volunteering time,143,134,138,144,124
Czech Republic,CAF World Giving Index,130,121,128,125,111
Czech Republic,Helping a stranger,138,134,136,140,121
Czech Republic,Donating money,94,82,100,87,70
Czech Republic,Volunteering time,104,103,98,72,84
Hungary,CAF World Giving Index,124,134,119,120,109
Hungary,Helping a stranger,124,128,119,125,100
Hungary,Donating money,93,113,103,82,83
Hungary,Volunteering time,114,127,123,115,109
Poland,CAF World Giving Index,78,109,105,112,86
Poland,Helping a stranger,67,109,115,131,102
Poland,Donating money,65,67,68,78,52
Poland,Volunteering time,100,128,104,99,104
Republic of Moldova,CAF World Giving Index,120,110,97,99,80
Republic of Moldova,Helping a stranger,120,117,106,99,91
Republic of Moldova,Donating money,108,98,77,77,80
Republic of Moldova,Volunteering time,94,88,77,109,72
Romania,CAF World Giving Index,93,93,80,102,97
Romania,Helping a stranger,56,46,30,56,66
Romania,Donating money,84,92,79,91,81
Romania,Volunteering time,137,133,125,139,118
Russian Federation,CAF World Giving Index,129,126,124,110,117
Russian Federation,Helping a stranger,130,121,127,101,112
Russian Federation,Donating money,133,104,104,86,112
Russian Federation,Volunteering time,75,113,106,118,74
Slovakia,CAF World Giving Index,123,124,102,88,94
Slovakia,Helping a stranger,131,132,125,134,117
Slovakia,Donating money,87,81,55,54,51
Slovakia,Volunteering time,113,117,88,61,89
Ukraine,CAF World Giving Index,89,106,90,81,101
Ukraine,Helping a stranger,122,119,99,107,111
Ukraine,Donating money,47,68,58,58,90
Ukraine,Volunteering time,103,92,83,103,62
Austria,CAF World Giving Index,23,30,26,32,15
Austria,Helping a stranger,46,70,63,62,36
Austria,Donating money,25,26,24,21,15
Austria,Volunteering time,31,42,33,50,32
Belgium,CAF World Giving Index,48,32,56,39,42
Belgium,Helping a stranger,53,59,81,74,72
Belgium,Donating money,42,33,42,28,30
Belgium,Volunteering time,50,37,39,44,39
France,CAF World Giving Index,74,81,67,72,66
France,Helping a stranger,102,116,112,122,108
France,Donating money,76,75,56,67,55
France,Volunteering time,36,32,24,31,33
Germany,CAF World Giving Index,20,21,19,22,18
Germany,Helping a stranger,30,56,39,42,26
Germany,Donating money,30,20,14,19,20
Germany,Volunteering time,30,39,56,46,36
Gambia,CAF World Giving Index,,,,31,
Gambia,Helping a stranger,,,,7,
Gambia,Donating money,,,,62,
Gambia,Volunteering time,,,,34,
Luxembourg,CAF World Giving Index,33,49,44,41,28
Luxembourg,Helping a stranger,108,126,116,114,97
Luxembourg,Donating money,21,24,25,26,17
Luxembourg,Volunteering time,22,25,31,25,27
Netherlands,CAF World Giving Index,7,13,10,11,8
Netherlands,Helping a stranger,41,49,65,71,37
Netherlands,Donating money,5,9,7,6,5
Netherlands,Volunteering time,18,21,15,13,14
Switzerland,CAF World Giving Index,40,23,33,26,13
Switzerland,Helping a stranger,64,62,109,116,58
Switzerland,Donating money,32,23,22,13,13
Switzerland,Volunteering time,43,28,20,11,22
Denmark,CAF World Giving Index,39,20,21,24,16
Denmark,Helping a stranger,61,57,40,41,42
Denmark,Donating money,26,15,18,16,12
Denmark,Volunteering time,62,53,58,55,50
Estonia,CAF World Giving Index,99,118,100,109,95
Estonia,Helping a stranger,104,122,121,133,105
Estonia,Donating money,92,94,84,66,84
Estonia,Volunteering time,77,107,57,92,69
Finland,CAF World Giving Index,31,24,37,44,25
Finland,Helping a stranger,36,50,47,60,41
Finland,Donating money,43,25,35,35,27
Finland,Volunteering time,34,27,32,49,31
Iceland,CAF World Giving Index,,17,15,17,
Iceland,Helping a stranger,,73,91,80,
Iceland,Donating money,,6,4,8,
Iceland,Volunteering time,,45,38,41,
Ireland,CAF World Giving Index,9,9,8,5,5
Ireland,Helping a stranger,37,47,26,25,16
Ireland,Donating money,8,10,11,9,7
Ireland,Volunteering time,11,10,11,7,10
Latvia,CAF World Giving Index,110,113,131,137,110
Latvia,Helping a stranger,128,131,131,139,116
Latvia,Donating money,61,62,92,88,61
Latvia,Volunteering time,125,121,137,128,106
Lithuania,CAF World Giving Index,142,124,137,138,121
Lithuania,Helping a stranger,129,100,132,,104
Lithuania,Donating money,131,124,128,94,113
Lithuania,Volunteering time,128,115,121,77,101
Norway,CAF World Giving Index,15,14,20,13,
Norway,Helping a stranger,45,72,75,55,
Norway,Donating money,14,8,15,7,
Norway,Volunteering time,32,26,26,29,
Sweden,CAF World Giving Index,28,25,34,42,29
Sweden,Helping a stranger,51,43,56,70,46
Sweden,Donating money,13,18,16,15,14
Sweden,Volunteering time,84,98,96,111,96
United Kingdom,CAF World Giving Index,6,8,11,6,7
United Kingdom,Helping a stranger,25,33,38,29,19
United Kingdom,Donating money,4,7,8,4,2
United Kingdom,Volunteering time,28,22,30,23,25
Albania,CAF World Giving Index,83,105,95,108,105
Albania,Helping a stranger,59,95,96,108,95
Albania,Donating money,77,85,62,64,75
Albania,Volunteering time,122,114,118,134,107
Bosnia and Herzegovina,CAF World Giving Index,88,128,59,90,91
Bosnia and Herzegovina,Helping a stranger,140,123,58,123,110
Bosnia and Herzegovina,Donating money,24,76,30,34,39
Bosnia and Herzegovina,Volunteering time,131,139,132,137,120
Croatia,CAF World Giving Index,62,127,121,132,118
Croatia,Helping a stranger,93,135,138,141,120
Croatia,Donating money,33,73,63,72,68
Croatia,Volunteering time,81,124,107,121,108
Greece,CAF World Giving Index,140,137,114,143,125
Greece,Helping a stranger,110,112,70,128,109
Greece,Donating money,139,131,130,137,122
Greece,Volunteering time,132,129,114,136,119
Italy,CAF World Giving Index,72,82,84,68,54
Italy,Helping a stranger,75,101,88,95,68
Italy,Donating money,58,50,54,44,33
Italy,Volunteering time,83,95,94,82,73
Kosovo,CAF World Giving Index,116,60,65,66,62
Kosovo,Helping a stranger,136,63,50,81,69
Kosovo,Donating money,67,34,32,32,31
Kosovo,Volunteering time,107,111,136,123,103
Malta,CAF World Giving Index,12,16,13,18,12
Malta,Helping a stranger,73,86,86,59,70
Malta,Donating money,3,4,3,10,3
Malta,Volunteering time,46,36,36,51,43
Montenegro,CAF World Giving Index,98,133,110,116,119
Montenegro,Helping a stranger,134,124,108,120,114
Montenegro,Donating money,41,101,76,74,82
Montenegro,Volunteering time,134,130,119,127,115
Portugal,CAF World Giving Index,82,90,104,83,88
Portugal,Helping a stranger,66,78,77,76,82
Portugal,Donating money,85,95,112,93,85
Portugal,Volunteering time,91,90,80,94,90
Serbia,CAF World Giving Index,118,135,132,129,123
Serbia,Helping a stranger,143,136,137,132,123
Serbia,Donating money,46,72,73,76,73
Serbia,Volunteering time,138,137,129,140,122
Slovenia,CAF World Giving Index,37,40,58,47,40
Slovenia,Helping a stranger,71,75,105,91,71
Slovenia,Donating money,40,44,49,43,35
Slovenia,Volunteering time,21,19,23,19,20
Spain,CAF World Giving Index,58,79,71,54,58
Spain,Helping a stranger,52,85,67,47,45
Spain,Donating money,52,55,43,45,46
Spain,Volunteering time,71,85,101,85,76
The former Yugoslav Republic of Macedonia,CAF World Giving Index,86,119,64,130,96
The former Yugoslav Republic of Macedonia,Helping a stranger,86,125,74,138,106
The former Yugoslav Republic of Macedonia,Donating money,54,66,33,70,48
The former Yugoslav Republic of Macedonia,Volunteering time,127,132,105,143,112
Cameroon,CAF World Giving Index,92,51,68,63,56
Cameroon,Helping a stranger,39,18,34,17,14
Cameroon,Donating money,116,70,88,98,88
Cameroon,Volunteering time,106,48,67,90,75
Central African Republic,CAF World Giving Index,,,103,69,
Central African Republic,Helping a stranger,,,100,67,
Central African Republic,Donating money,,,111,97,
Central African Republic,Volunteering time,,,53,43,
Chad,CAF World Giving Index,136,111,99,101,89
Chad,Helping a stranger,114,83,95,82,75
Chad,Donating money,132,118,87,104,99
Chad,Volunteering time,121,116,89,93,77
Congo (Brazzaville),CAF World Giving Index,91,85,77,115,76
Congo (Brazzaville),Helping a stranger,31,25,22,75,27
Congo (Brazzaville),Donating money,126,124,114,136,115
Congo (Brazzaville),Volunteering time,96,97,93,108,81
Democratic Republic of the Congo (Kinshasa),CAF World Giving Index,127,136,125,58,113
Democratic Republic of the Congo (Kinshasa),Helping a stranger,125,114,120,48,103
Democratic Republic of the Congo (Kinshasa),Donating money,119,135,129,95,114
Democratic Republic of the Congo (Kinshasa),Volunteering time,93,110,116,36,82
Gabon,CAF World Giving Index,111,89,96,113,77
Gabon,Helping a stranger,65,24,35,53,24
Gabon,Donating money,122,120,123,132,111
Gabon,Volunteering time,119,112,111,122,99
Burundi,CAF World Giving Index,145,,,,
Burundi,Helping a stranger,145,,,,
Burundi,Donating money,143,,,,
Burundi,Volunteering time,117,,,,
Ethiopia,CAF World Giving Index,97,84,107,98,79
Ethiopia,Helping a stranger,87,97,107,106,79
Ethiopia,Donating money,86,64,90,101,87
Ethiopia,Volunteering time,101,78,85,58,70
Kenya,CAF World Giving Index,11,12,3,8,11
Kenya,Helping a stranger,6,13,4,9,4
Kenya,Donating money,45,35,20,27,34
Kenya,Volunteering time,8,8,2,3,13
Madagascar,CAF World Giving Index,101,132,133,100,116
Madagascar,Helping a stranger,132,137,133,119,122
Madagascar,Donating money,120,123,133,121,116
Madagascar,Volunteering time,25,57,74,33,44
Malawi,CAF World Giving Index,44,38,36,57,36
Malawi,Helping a stranger,8,6,12,22,10
Malawi,Donating money,102,103,97,108,77
Malawi,Volunteering time,26,24,22,48,28
Mauritius,CAF World Giving Index,45,,27,25,
Mauritius,Helping a stranger,106,,111,46,
Mauritius,Donating money,28,,26,29,
Mauritius,Volunteering time,24,,9,10,
Mozambique,CAF World Giving Index,,67,,79,
Mozambique,Helping a stranger,,65,,77,
Mozambique,Donating money,,84,,124,
Mozambique,Volunteering time,,31,,40,
Rwanda,CAF World Giving Index,137,116,101,103,115
Rwanda,Helping a stranger,133,120,89,117,115
Rwanda,Donating money,115,100,96,83,97
Rwanda,Volunteering time,109,104,91,80,90
Somalia,CAF World Giving Index,,58,47,,
Somalia,Helping a stranger,,4,15,,
Somalia,Donating money,,115,93,,
Somalia,Volunteering time,,66,47,,
Uganda,CAF World Giving Index,57,26,22,50,35
Uganda,Helping a stranger,18,11,8,19,6
Uganda,Donating money,105,56,53,80,69
Uganda,Volunteering time,54,29,28,47,35
United Republic of Tanzania,CAF World Giving Index,81,57,63,84,59
United Republic of Tanzania,Helping a stranger,77,23,60,93,48
United Republic of Tanzania,Donating money,68,49,36,56,45
United Republic of Tanzania,Volunteering time,102,94,110,131,86
Zambia,CAF World Giving Index,51,63,18,21,32
Zambia,Helping a stranger,13,17,13,14,5
Zambia,Donating money,98,111,45,46,72
Zambia,Volunteering time,37,50,19,20,30
Zimbabwe,CAF World Giving Index,87,108,72,76,70
Zimbabwe,Helping a stranger,49,71,18,33,30
Zimbabwe,Donating money,121,136,127,128,118
Zimbabwe,Volunteering time,67,86,62,78,52
Benin,CAF World Giving Index,132,102,113,105,106
Benin,Helping a stranger,113,96,101,89,86
Benin,Donating money,130,112,115,114,105
Benin,Volunteering time,112,81,81,87,88
Burkina Faso,CAF World Giving Index,104,72,86,82,87
Burkina Faso,Helping a stranger,79,28,62,49,55
Burkina Faso,Donating money,109,110,105,126,108
Burkina Faso,Volunteering time,110,71,59,71,87
C_te d'Ivoire,CAF World Giving Index,107,104,91,111,
C_te d'Ivoire,Helping a stranger,62,58,41,51,
C_te d'Ivoire,Donating money,114,109,98,120,
C_te d'Ivoire,Volunteering time,130,131,126,135,
Ghana,CAF World Giving Index,63,77,23,37,38
Ghana,Helping a stranger,44,69,29,31,22
Ghana,Donating money,89,99,48,57,60
Ghana,Volunteering time,40,43,13,17,26
Guinea,CAF World Giving Index,80,69,98,70,51
Guinea,Helping a stranger,55,26,59,66,24
Guinea,Donating money,107,106,119,84,78
Guinea,Volunteering time,72,68,84,53,45
Liberia,CAF World Giving Index,25,52,14,19,17
Liberia,Helping a stranger,2,12,5,4,1
Liberia,Donating money,123,130,99,111,109
Liberia,Volunteering time,3,18,4,2,4
Mali,CAF World Giving Index,121,99,112,93,99
Mali,Helping a stranger,78,40,69,63,57
Mali,Donating money,117,126,124,123,110
Mali,Volunteering time,140,122,113,66,97
Mauritania,CAF World Giving Index,109,88,130,133,85
Mauritania,Helping a stranger,127,118,110,121,87
Mauritania,Donating money,103,60,136,134,86
Mauritania,Volunteering time,61,58,122,107,80
Niger,CAF World Giving Index,135,115,118,71,100
Niger,Helping a stranger,107,91,87,20,39
Niger,Donating money,135,127,122,130,121
Niger,Volunteering time,123,101,117,67,102
Nigeria,CAF World Giving Index,43,56,28,16,22
Nigeria,Helping a stranger,16,15,14,12,7
Nigeria,Donating money,79,91,66,42,56
Nigeria,Volunteering time,29,47,29,14,21
Senegal,CAF World Giving Index,85,95,79,87,71
Senegal,Helping a stranger,34,34,32,57,23
Senegal,Donating money,113,132,120,103,107
Senegal,Volunteering time,97,108,52,104,91
Sierra Leone,CAF World Giving Index,54,46,12,20,20
Sierra Leone,Helping a stranger,12,8,1,5,2
Sierra Leone,Donating money,95,97,71,81,79
Sierra Leone,Volunteering time,53,37,8,12,17
Togo,CAF World Giving Index,133,103,109,117,
Togo,Helping a stranger,95,64,85,96,
Togo,Donating money,141,134,113,127,
Togo,Volunteering time,124,74,90,106,
Turkey,CAF World Giving Index,,,,131,
Turkey,Helping a stranger,,,,113,
Turkey,Donating money,,,,122,
Turkey,Volunteering time,,,,126,
Algeria,CAF World Giving Index,,,,92,
Algeria,Helping a stranger,,,,58,
Algeria,Donating money,,,,119,
Algeria,Volunteering time,,,,84,
Egypt,CAF World Giving Index,112,112,108,106,104
Egypt,Helping a stranger,80,86,49,43,51
Egypt,Donating money,111,96,110,110,101
Egypt,Volunteering time,135,140,131,141,121
Libya,CAF World Giving Index,,44,42,28,
Libya,Helping a stranger,,2,3,1,
Libya,Donating money,,77,94,63,
Libya,Volunteering time,,77,64,52,
Morocco,CAF World Giving Index,126,123,136,104,83
Morocco,Helping a stranger,48,61,97,23,40
Morocco,Donating money,145,140,139,143,96
Morocco,Volunteering time,141,125,130,124,117
Sudan,CAF World Giving Index,67,,,,
Sudan,Helping a stranger,24,,,,
Sudan,Donating money,112,,,,
Sudan,Volunteering time,58,,,,
South Sudan,CAF World Giving Index,68,48,73,48,
South Sudan,Helping a stranger,35,41,43,36,
South Sudan,Donating money,100,63,102,60,
South Sudan,Volunteering time,57,30,51,35,
Tunisia,CAF World Giving Index,139,122,92,135,103
Tunisia,Helping a stranger,100,76,28,103,38
Tunisia,Donating money,142,137,118,139,117
Tunisia,Volunteering time,139,118,112,132,110
Angola,CAF World Giving Index,134,,,,
Angola,Helping a stranger,135,,,,
Angola,Donating money,129,,,,
Angola,Volunteering time,85,,,,
Botswana,CAF World Giving Index,55,54,93,97,64
Botswana,Helping a stranger,23,7,23,38,18
Botswana,Donating money,91,93,135,135,104
Botswana,Volunteering time,48,63,108,91,67
Lesotho,CAF World Giving Index,,,66,95,
Lesotho,Helping a stranger,,,17,40,
Lesotho,Donating money,,,131,142,
Lesotho,Volunteering time,,,48,69,
Namibia,CAF World Giving Index,61,,,73,
Namibia,Helping a stranger,4,,,26,
Namibia,Donating money,128,,,131,
Namibia,Volunteering time,64,,,63,
South Africa,CAF World Giving Index,49,61,24,40,45
South Africa,Helping a stranger,10,19,9,11,12
South Africa,Donating money,101,107,80,100,94
South Africa,Volunteering time,38,35,18,21,37
Belize,CAF World Giving Index,70,,,,
Belize,Helping a stranger,84,,,,
Belize,Donating money,71,,,,
Belize,Volunteering time,47,,,,
Costa Rica,CAF World Giving Index,36,62,43,62,39
Costa Rica,Helping a stranger,19,32,24,39,21
Costa Rica,Donating money,56,65,57,71,44
Costa Rica,Volunteering time,39,56,54,86,47
El Salvador,CAF World Giving Index,117,85,94,127,93
El Salvador,Helping a stranger,94,77,72,118,77
El Salvador,Donating money,137,122,132,129,106
El Salvador,Volunteering time,76,34,46,95,64
Guatemala,CAF World Giving Index,16,29,41,65,26
Guatemala,Helping a stranger,17,29,37,72,28
Guatemala,Donating money,48,52,65,85,42
Guatemala,Volunteering time,10,16,25,38,15
Honduras,CAF World Giving Index,60,74,40,46,43
Honduras,Helping a stranger,70,102,51,54,56
Honduras,Donating money,79,117,50,53,49
Honduras,Volunteering time,27,9,21,27,23
Mexico,CAF World Giving Index,90,107,106,114,73
Mexico,Helping a stranger,88,90,82,98,67
Mexico,Donating money,88,105,101,115,83
Mexico,Volunteering time,78,109,102,105,65
Nicaragua,CAF World Giving Index,69,76,82,67,68
Nicaragua,Helping a stranger,81,107,114,65,85
Nicaragua,Donating money,53,51,61,69,54
Nicaragua,Volunteering time,72,51,44,59,54
Panama,CAF World Giving Index,53,33,57,78,47
Panama,Helping a stranger,76,37,36,87,60
Panama,Donating money,50,45,70,92,43
Panama,Volunteering time,33,23,60,62,38
Dominican Republic,CAF World Giving Index,41,36,32,49,31
Dominican Republic,Helping a stranger,28,22,20,27,20
Dominican Republic,Donating money,66,74,78,90,58
Dominican Republic,Volunteering time,20,15,17,28,19
Haiti,CAF World Giving Index,59,53,55,14,27
Haiti,Helping a stranger,101,105,122,30,74
Haiti,Donating money,36,31,28,20,23
Haiti,Volunteering time,56,44,37,32,24
Jamaica,CAF World Giving Index,21,,,56,
Jamaica,Helping a stranger,5,,,28,
Jamaica,Donating money,74,,,106,
Jamaica,Volunteering time,14,,,37,
Puerto Rico,CAF World Giving Index,29,,,,
Puerto Rico,Helping a stranger,20,,,,
Puerto Rico,Donating money,44,,,,
Puerto Rico,Volunteering time,49,,,,
Trinidad and Tobago,CAF World Giving Index,,,,23,
Trinidad and Tobago,Helping a stranger,,,,13,
Trinidad and Tobago,Donating money,,,,41,
Trinidad and Tobago,Volunteering time,,,,30,
Canada,CAF World Giving Index,4,6,7,15,6
Canada,Helping a stranger,14,20,16,45,9
Canada,Donating money,10,11,10,17,10
Canada,Volunteering time,5,14,16,26,11
United States of America,CAF World Giving Index,2,2,5,4,1
United States of America,Helping a stranger,3,9,7,10,3
United States of America,Donating money,12,13,13,12,11
United States of America,Volunteering time,6,5,7,8,5
Argentina,CAF World Giving Index,108,83,83,94,75
Argentina,Helping a stranger,92,68,45,69,52
Argentina,Donating money,104,108,109,102,92
Argentina,Volunteering time,105,67,68,98,75
Bolivia (Plurinational State of),CAF World Giving Index,65,70,70,86,61
Bolivia (Plurinational State of),Helping a stranger,54,53,52,86,43
Bolivia (Plurinational State of),Donating money,70,78,82,106,74
Bolivia (Plurinational State of),Volunteering time,59,64,55,64,51
Brazil,CAF World Giving Index,105,68,75,122,74
Brazil,Helping a stranger,99,60,54,105,63
Brazil,Donating money,97,59,85,112,67
Brazil,Volunteering time,99,79,63,109,84
Chile,CAF World Giving Index,49,55,49,61,41
Chile,Helping a stranger,82,39,68,52,34
Chile,Donating money,20,43,29,50,26
Chile,Volunteering time,88,93,99,102,83
Colombia,CAF World Giving Index,66,73,61,80,49
Colombia,Helping a stranger,26,43,25,50,17
Colombia,Donating money,90,89,86,105,71
Colombia,Volunteering time,74,72,72,88,56
Ecuador,CAF World Giving Index,131,97,53,119,98
Ecuador,Helping a stranger,119,88,42,115,94
Ecuador,Donating money,118,102,67,118,95
Ecuador,Volunteering time,115,91,49,79,85
Paraguay,CAF World Giving Index,125,101,120,59,60
Paraguay,Helping a stranger,142,133,130,61,93
Paraguay,Donating money,64,61,81,61,37
Paraguay,Volunteering time,116,70,120,60,49
Peru,CAF World Giving Index,114,65,88,100,72
Peru,Helping a stranger,109,38,61,94,65
Peru,Donating money,110,90,108,109,91
Peru,Volunteering time,87,41,66,65,60
Uruguay,CAF World Giving Index,77,58,60,77,65
Uruguay,Helping a stranger,72,35,33,83,50
Uruguay,Donating money,78,58,69,73,57
Uruguay,Volunteering time,80,62,76,97,78
Venezuela (Bolivarian Republic of),CAF World Giving Index,128,117,115,107,108
Venezuela (Bolivarian Republic of),Helping a stranger,105,113,83,72,84
Venezuela (Bolivarian Republic of),Donating money,124,114,121,125,103
Venezuela (Bolivarian Republic of),Volunteering time,111,106,115,100,95
,,,,,,
Charities Aid Foundation,,,,,,
http://knoema.com/WDGIVIND2018/world-giving-index,,,,,,